procurement_document_evidence_id,procurement_process_id,procurement_release_id,procurement_event_id,source,document_url,fetched_at,content_type,byte_length,content_hash,extraction_status,text_length,document_text
proc_doc_evidence_559c43f0cd0bb79d0cac,proc_process_02c89bbc5d49f5dff4c4,proc_release_be54001af5b23ec09c72,proc_e3aaf984a87a3478,World Bank,http://www.worldbank.org/html/opr/procure/guidelin.html,2026-09-13T11:51:31+00:00,,0,,FETCH_FAILED,0,
proc_doc_evidence_b0cd91a9bfb4addf358d,proc_process_06e6b3d5dcf8afcdf72e,proc_release_69e1ece4c917021ac766,proc_9e870e1d5e4c989d,World Bank,http://www.worldbank.org/html/opr/consult/contents.html,2026-09-13T16:17:14+00:00,,0,,FETCH_FAILED,0,
proc_doc_evidence_a5ea7cb0767d4847310c,proc_process_0d3e0afdbdd1412058b2,proc_release_0a3c3e234b1d9564e1e6,proc_b33161d0ceee5296,World Bank,http://www.worldbank.org/html/opr/consult/contents.html,2026-09-13T16:17:14+00:00,,0,,FETCH_FAILED,0,
proc_doc_evidence_6a4665cc6dc4a3ec722f,proc_process_0d9da8fd09c75c11262f,proc_release_da7cb387045bc2163335,proc_46aa4b4bcee3a053,World Bank,http://www.worldbank.org/html/opr/consult/contents.html,2026-09-13T16:17:14+00:00,,0,,FETCH_FAILED,0,
proc_doc_evidence_23d1d9d3ccc6e170777d,proc_process_0e6b3cd239b12519908d,proc_release_e37703f9cef99f16b3e2,proc_b34d6bb4bf3dab91,World Bank,http://www.worldbank.org/html/opr/procure/guidelin.html,2026-09-13T16:17:14+00:00,,0,,FETCH_FAILED,0,
proc_doc_evidence_dbaa1e6bb8520b2dfdea,proc_process_13c88b292a3003ba1fe3,proc_release_94153588df818029ad4f,proc_bfe7fb599cfe95de,World Bank,http://www.worldbank.org/html/opr/procure/guidelin.html,2026-09-13T11:51:31+00:00,,0,,FETCH_FAILED,0,
proc_doc_evidence_974431cbb31e61ae1304,proc_process_1874d4607c644349ed4a,proc_release_18672028904b567d5395,proc_caacd404805f2edb,World Bank,http://www.worldbank.org/html/opr/consult/contents.html,2026-09-13T11:51:31+00:00,,0,,FETCH_FAILED,0,
proc_doc_evidence_f1a0025152d7fd7c613c,proc_process_19c7ff76ecc707d0ba9e,proc_release_4b5770b7bf547e755239,proc_8b8c190f55fdc05e,World Bank,http://www.worldbank.org/html/opr/consult/contents.html,2026-09-13T11:51:31+00:00,,0,,FETCH_FAILED,0,
proc_doc_evidence_777ef168970eb41276bb,proc_process_1af11b1f04a78cfa957f,proc_release_a5a11fe97e1766fdfee8,proc_833b17bd341dd942,World Bank,http://www.worldbank.org/html/opr/consult/contents.html,2026-09-13T16:17:14+00:00,,0,,FETCH_FAILED,0,
proc_doc_evidence_3ca208ec548562b44f5e,proc_process_1f60f2838b957d8570de,proc_release_c24315e5288a40820235,proc_ecf178f13e0b834f,World Bank,http://www.worldbank.org/html/opr/consult/contents.html,2026-09-13T11:51:31+00:00,,0,,FETCH_FAILED,0,
proc_doc_evidence_4138a323b4e6dc44e1df,proc_process_24a769387086122ec502,proc_release_d5ce89fad5f8959e34ea,proc_aefb93f1884a981e,World Bank,http://www.worldbank.org/html/opr/consult/contents.html,2026-09-13T11:51:31+00:00,,0,,FETCH_FAILED,0,
proc_doc_evidence_8baa6df44a8e366cb4f3,proc_process_386f088b9e2d8fe90126,proc_release_401bef5f73ba638494a1,proc_97dfc1a1b9f2964c,World Bank,http://www.worldbank.org/html/opr/consult/contents.html,2026-09-13T11:51:31+00:00,,0,,FETCH_FAILED,0,
proc_doc_evidence_da8ebae66db4b80173b6,proc_process_3a2f2b8d3c8bb5917695,proc_release_c0ca3ca8b6f7d65e4830,proc_7091a6a05c169e4d,World Bank,http://www.worldbank.org/html/opr/consult/contents.html,2026-09-13T11:51:31+00:00,,0,,FETCH_FAILED,0,
proc_doc_evidence_e04c777b487256c6c867,proc_process_40f0e53da2ba9aff697c,proc_release_f8159ec7fa5812f4c0e4,proc_9b5d620d3df9d67e,World Bank,http://www.worldbank.org/html/opr/consult/contents.html,2026-09-13T11:51:31+00:00,,0,,FETCH_FAILED,0,
proc_doc_evidence_1e8e0d94418dc5edfb29,proc_process_410a5f14082715b44906,proc_release_71f09032a9121d613c68,proc_087a6447bda077b9,World Bank,http://www.worldbank.org/html/opr/consult/contents.html,2026-09-13T11:51:31+00:00,,0,,FETCH_FAILED,0,
proc_doc_evidence_eacf867bbfd1e2e532b1,proc_process_410a5f14082715b44906,proc_release_71f09032a9121d613c68,proc_087a6447bda077b9,World Bank,http://www.worldbank.org/html/opr/procure/guidelin.html,2026-09-13T11:51:31+00:00,,0,,FETCH_FAILED,0,
proc_doc_evidence_2ba17018ff3246832d17,proc_process_4189a378dc8f9a3e50af,proc_release_a56d48552c6724e11ddb,proc_0823c253b4441784,World Bank,http://www.worldbank.org/html/opr/consult/contents.html,2026-09-13T16:17:14+00:00,,0,,FETCH_FAILED,0,
proc_doc_evidence_6c2b01a34aee93d10061,proc_process_4189a378dc8f9a3e50af,proc_release_a56d48552c6724e11ddb,proc_0823c253b4441784,World Bank,http://www.worldbank.org/html/opr/procure/guidelin.html,2026-09-13T16:17:14+00:00,,0,,FETCH_FAILED,0,
proc_doc_evidence_79dfd0c8ae55a48a47f8,proc_process_43c3c4daec51201dc793,proc_release_d841a3ca72aaf39cbc28,proc_ff56b29033d89084,World Bank,http://www.worldbank.org/html/opr/procure/guidelin.html,2026-09-13T11:51:31+00:00,,0,,FETCH_FAILED,0,
proc_doc_evidence_54a47cef9a052569ec5c,proc_process_458aa30d164fa261d4c4,proc_release_2db54c76467bf1363400,proc_b37adb51e866cda4,World Bank,http://www.worldbank.org/html/opr/consult/contents.html,2026-09-13T16:17:14+00:00,,0,,FETCH_FAILED,0,
proc_doc_evidence_51897b46b904d0d6f50a,proc_process_4befecf8c04f2f3f6d65,proc_release_4f2de6b5a610a9affec9,proc_a119664a9f7b0197,World Bank,http://www.worldbank.org/html/opr/consult/contents.html,2026-09-13T11:51:31+00:00,,0,,FETCH_FAILED,0,
proc_doc_evidence_02bcad70146f57a7879f,proc_process_4befecf8c04f2f3f6d65,proc_release_4f2de6b5a610a9affec9,proc_a119664a9f7b0197,World Bank,http://www.worldbank.org/html/opr/procure/guidelin.html,2026-09-13T11:51:31+00:00,,0,,FETCH_FAILED,0,
proc_doc_evidence_b31dbc0444ab9cbff528,proc_process_4c175084617a10c12629,proc_release_1db10bb9bfd6210d5d4a,proc_82ce6f3860e9a085,World Bank,http://www.worldbank.org/html/opr/consult/contents.html,2026-09-13T11:51:31+00:00,,0,,FETCH_FAILED,0,
proc_doc_evidence_88533faeff5b4fb1d398,proc_process_505ce02b3e391e97f560,proc_release_13673d34a1944910985d,proc_5d8e170855beb21b,World Bank,http://www.worldbank.org/html/opr/consult/contents.html,2026-09-13T16:17:14+00:00,,0,,FETCH_FAILED,0,
proc_doc_evidence_2b436bd5e52d2d117a8e,proc_process_505f06adb219796f90c8,proc_release_3c0e07e535582445815f,proc_b8ebb4f7db769991,World Bank,http://www.worldbank.org/html/opr/consult/contents.html,2026-09-13T16:17:14+00:00,,0,,FETCH_FAILED,0,
proc_doc_evidence_c5a81af323b1af98c15f,proc_process_53c1580baedd3a64e91e,proc_release_dc61b80ef456c7b8fedf,proc_2b27e3d514d12b17,World Bank,http://www.worldbank.org/html/opr/consult/contents.html,2026-09-13T16:17:14+00:00,,0,,FETCH_FAILED,0,
proc_doc_evidence_d6233c85bd5ee21be9a2,proc_process_546936a35de4cc0e0db3,proc_release_8d225e10386f413e07f8,proc_5c1e3f54274d3d33,World Bank,http://www.worldbank.org/html/opr/consult/contents.html,2026-09-13T11:51:31+00:00,,0,,FETCH_FAILED,0,
proc_doc_evidence_16925e12e483a4df0566,proc_process_59277f25e694c0538362,proc_release_aa9e43d2e2f4d8a724be,proc_dff3669cec0f66b3,World Bank,http://www.worldbank.org/html/opr/consult/contents.html,2026-09-13T16:17:14+00:00,,0,,FETCH_FAILED,0,
proc_doc_evidence_57fa9f1cad4f18f3a22b,proc_process_5d9ab017623ca8f4d9c7,proc_release_a0d438f656e83c9c72c4,proc_027d5ab9216df8d5,World Bank,http://www.worldbank.org/html/opr/consult/contents.html,2026-09-13T16:17:14+00:00,,0,,FETCH_FAILED,0,
proc_doc_evidence_34be428e12d4482ec85f,proc_process_5d9ab017623ca8f4d9c7,proc_release_a0d438f656e83c9c72c4,proc_027d5ab9216df8d5,World Bank,http://www.worldbank.org/html/opr/procure/guidelin.html,2026-09-13T11:51:31+00:00,,0,,FETCH_FAILED,0,
proc_doc_evidence_aca2c8081ec30a3d741c,proc_process_5e1e4ea5ef6f5dc403f7,proc_release_d0c206b7724061189a82,proc_a72c37e6fa7af0e2,World Bank,http://www.worldbank.org/html/opr/procure/guidelin.html,2026-09-13T11:51:31+00:00,,0,,FETCH_FAILED,0,
proc_doc_evidence_c48fd196ea7d4d19652f,proc_process_6448803e8010d0ac469c,proc_release_2102f50bf86c7025305f,proc_8ad175a0c2f28663,World Bank,http://www.worldbank.org/html/opr/procure/guidelin.html,2026-09-13T11:51:31+00:00,,0,,FETCH_FAILED,0,
proc_doc_evidence_5837d86f30b0680ff5cf,proc_process_6572f5e61982352691ce,proc_release_c86b4ea2faa02e766eb9,proc_0b3a0f54362a30ee,World Bank,http://www.worldbank.org/html/opr/procure/guidelin.html,2026-09-13T11:51:31+00:00,,0,,FETCH_FAILED,0,
proc_doc_evidence_9d99f6a323ba19301475,proc_process_6bceb2249521308611f3,proc_release_509eac9776375cab02a4,proc_f55c3d42f8e3c488,World Bank,http://www.worldbank.org/html/opr/consult/contents.html,2026-09-13T11:51:31+00:00,,0,,FETCH_FAILED,0,
proc_doc_evidence_967bca3c74bdd2031f9e,proc_process_7347ed6a6c31b1af0066,proc_release_4222f298f83b041089db,proc_c6d0ae2b0f4d980b,World Bank,http://www.worldbank.org/html/opr/consult/contents.html,2026-09-13T16:17:14+00:00,,0,,FETCH_FAILED,0,
proc_doc_evidence_1673cccdbfd3f4b2ce21,proc_process_786bfc64a7cb70b96169,proc_release_0662aa6d2a4394c55574,proc_c0cef03bf9b3b699,World Bank,http://www.worldbank.org/html/opr/consult/contents.html,2026-09-13T16:17:14+00:00,,0,,FETCH_FAILED,0,
proc_doc_evidence_3f6f6b8377d82b2d63bc,proc_process_79526becb012acf29a41,proc_release_bf76b50090d615ad6495,proc_3e97a4dedbc1e01e,World Bank,http://www.worldbank.org/html/opr/consult/contents.html,2026-09-13T16:17:14+00:00,,0,,FETCH_FAILED,0,
proc_doc_evidence_5d5e542589ad35b86580,proc_process_79526becb012acf29a41,proc_release_bf76b50090d615ad6495,proc_3e97a4dedbc1e01e,World Bank,http://www.worldbank.org/html/opr/procure/guidelin.html,2026-09-13T16:17:14+00:00,,0,,FETCH_FAILED,0,
proc_doc_evidence_328c27965ef974917e2c,proc_process_79edf4cb73ae6fd68ad7,proc_release_38f2d002d2e1dc4c3ba6,proc_2913adda2611273b,World Bank,http://www.worldbank.org/html/opr/consult/contents.html,2026-09-13T16:17:14+00:00,,0,,FETCH_FAILED,0,
proc_doc_evidence_4a5bbd86d2528ff2decb,proc_process_79edf4cb73ae6fd68ad7,proc_release_38f2d002d2e1dc4c3ba6,proc_2913adda2611273b,World Bank,http://www.worldbank.org/html/opr/procure/guidelin.html,2026-09-13T16:17:14+00:00,,0,,FETCH_FAILED,0,
proc_doc_evidence_5417e09331765e8d4f6f,proc_process_7bb813a4021af1df96c3,proc_release_aea240464498586a156a,proc_45e1b83d104e4e07,World Bank,http://www.worldbank.org/html/opr/procure/guidelin.html,2026-09-13T16:17:14+00:00,,0,,FETCH_FAILED,0,
proc_doc_evidence_15ef1f43b5f54653bb26,proc_process_7ff03521c7c99272ca8e,proc_release_e19600d174737eac831b,proc_0564a458c8e52ed0,World Bank,http://www.worldbank.org/html/opr/consult/contents.html,2026-09-13T16:17:14+00:00,,0,,FETCH_FAILED,0,
proc_doc_evidence_b886cac113f51a2fe4d3,proc_process_88c523c3e8c7a467bde9,proc_release_adf2e9b00b57c66f2128,proc_56e4b7844c3e1f0a,World Bank,http://www.worldbank.org/html/opr/consult/contents.html,2026-09-13T16:17:14+00:00,,0,,FETCH_FAILED,0,
proc_doc_evidence_736a0b80de616cfdc36b,proc_process_88dc7652344d4f317543,proc_release_02c47315e9008b5a0a4d,proc_1d0b668ddc7baa11,World Bank,http://www.worldbank.org/html/opr/consult/contents.html,2026-09-13T16:17:14+00:00,,0,,FETCH_FAILED,0,
proc_doc_evidence_7623f47eb569a3d9584c,proc_process_88dc7652344d4f317543,proc_release_02c47315e9008b5a0a4d,proc_1d0b668ddc7baa11,World Bank,http://www.worldbank.org/html/opr/procure/guidelin.html,2026-09-13T16:17:14+00:00,,0,,FETCH_FAILED,0,
proc_doc_evidence_7948a7827178acd21b7a,proc_process_90b77c4213a0e739565d,proc_release_3bdb391fa3fccd6e8a5f,proc_2792538fb25e5d25,World Bank,http://www.worldbank.org/html/opr/consult/contents.html,2026-09-13T11:51:31+00:00,,0,,FETCH_FAILED,0,
proc_doc_evidence_240983f120836df94e3d,proc_process_93c3da0e61607196bbd5,proc_release_b1355bf337297694bcf3,proc_055a0166f866d9a5,World Bank,http://www.worldbank.org/html/opr/consult/contents.html,2026-09-13T11:51:31+00:00,,0,,FETCH_FAILED,0,
proc_doc_evidence_c09453763a898c7eca58,proc_process_9d7fdc3af606dd38db7a,proc_release_0c1b29b798809a9c2d4f,proc_476e202648a03c97,World Bank,http://www.worldbank.org/html/opr/consult/contents.html,2026-09-13T16:17:14+00:00,,0,,FETCH_FAILED,0,
proc_doc_evidence_7b44977f47e19407c755,proc_process_a057ed44b5c19161ef22,proc_release_18b6e36019c664ad3e3b,proc_00a9d839f832f991,World Bank,http://www.worldbank.org/html/opr/consult/contents.html,2026-09-13T16:17:14+00:00,,0,,FETCH_FAILED,0,
proc_doc_evidence_bca6dc3a67f0a6f8163a,proc_process_a42181a3abbb3236e938,proc_release_261f39bcb59c12a62104,proc_964eeda0b8eefc02,World Bank,http://www.worldbank.org/html/opr/consult/contents.html,2026-09-13T11:51:31+00:00,,0,,FETCH_FAILED,0,
proc_doc_evidence_f09bfea2c944e27f9a58,proc_process_a517385f73318f76b6ad,proc_release_97a840dd807720048981,proc_d67a3ac6fd6dd30d,World Bank,http://www.worldbank.org/html/opr/consult/contents.html,2026-09-13T16:17:14+00:00,,0,,FETCH_FAILED,0,
proc_doc_evidence_8f64b08aeec321ea8482,proc_process_a7a343941555d42e75a2,proc_release_d1303e5635c176875ecf,proc_245b68b4a5c9d614,World Bank,http://www.worldbank.org/html/opr/procure/guidelin.html,2026-09-13T11:51:31+00:00,,0,,FETCH_FAILED,0,
proc_doc_evidence_1a3f71ef1effaa181ba3,proc_process_ab06f3c0879db30799e7,proc_release_ff140b6d138ad3eab316,proc_3d8633e3068cb5cb,World Bank,http://www.worldbank.org/html/opr/consult/contents.html,2026-09-13T16:17:14+00:00,,0,,FETCH_FAILED,0,
proc_doc_evidence_ae39a95f8d0e335cd2d9,proc_process_ab06f3c0879db30799e7,proc_release_ff140b6d138ad3eab316,proc_3d8633e3068cb5cb,World Bank,http://www.worldbank.org/html/opr/procure/guidelin.html,2026-09-13T16:17:14+00:00,,0,,FETCH_FAILED,0,
proc_doc_evidence_d69ecf6feb56941e430f,proc_process_c12e83bad32c30870e35,proc_release_46f20a99e2c76760ab9f,proc_2b27e95e09d78659,World Bank,http://www.worldbank.org/html/opr/consult/contents.html,2026-09-13T16:17:14+00:00,,0,,FETCH_FAILED,0,
proc_doc_evidence_0f116c997a7503d33e77,proc_process_c135295dcea5df237399,proc_release_5af21fd1b78f6a06217c,proc_7e126adcc90ba734,World Bank,http://www.worldbank.org/html/opr/consult/contents.html,2026-09-13T11:51:31+00:00,,0,,FETCH_FAILED,0,
proc_doc_evidence_5057e5fb09d9de035fba,proc_process_cd452068619bf05b3de8,proc_release_af714f1d993ef63da147,proc_4164186028d2a6be,World Bank,http://www.worldbank.org/html/opr/consult/contents.html,2026-09-13T16:17:14+00:00,,0,,FETCH_FAILED,0,
proc_doc_evidence_c6f34ba5290a6da96e9a,proc_process_d075ffc50d46eddaaf5f,proc_release_cfe71f7ccc26baa53f65,proc_1fad10dcf007d292,World Bank,http://www.worldbank.org/html/opr/consult/contents.html,2026-09-13T11:51:31+00:00,,0,,FETCH_FAILED,0,
proc_doc_evidence_59ab1b23975023a7ac51,proc_process_d5080b4b4fd42c7f907d,proc_release_eb4cf64506364197d720,proc_ff6e71a09606e866,World Bank,http://www.worldbank.org/html/opr/consult/contents.html,2026-09-13T16:17:14+00:00,,0,,FETCH_FAILED,0,
proc_doc_evidence_0b5d19c9532617de009b,proc_process_d959187531841530b9c7,proc_release_8b6079463a1de18788b8,proc_ef1bc517bfc1bcd7,World Bank,http://www.worldbank.org/html/opr/consult/contents.html,2026-09-13T16:17:14+00:00,,0,,FETCH_FAILED,0,
proc_doc_evidence_59f0fabd721d95511ba8,proc_process_dbec4181a51817b55b30,proc_release_befcc350519c8747bc43,proc_0494b23e727a1650,World Bank,http://www.worldbank.org/html/opr/consult/contents.html,2026-09-13T16:17:14+00:00,,0,,FETCH_FAILED,0,
proc_doc_evidence_00d859b3a55572cf5ff0,proc_process_ddce3cb6fca49ab13021,proc_release_6e0956d5483f4cdd9468,proc_98a5a77c05ad997b,World Bank,http://www.worldbank.org/html/opr/procure/guidelin.html,2026-09-13T11:51:31+00:00,,0,,FETCH_FAILED,0,
proc_doc_evidence_20b87dd18806251e1707,proc_process_df8c7317bd901ee13507,proc_release_7aeec13ffff2b9c68326,proc_e275263963edc13b,World Bank,http://www.worldbank.org/html/opr/consult/contents.html,2026-09-13T16:17:14+00:00,,0,,FETCH_FAILED,0,
proc_doc_evidence_63702c359913d077cbb0,proc_process_e3ed5e07a397b733544f,proc_release_7045b508164ec42fe73f,proc_603bf3594b0b3b6b,World Bank,http://www.worldbank.org/html/opr/consult/contents.html,2026-09-13T11:51:31+00:00,,0,,FETCH_FAILED,0,
proc_doc_evidence_a402913e51f24248f0d4,proc_process_e7079c2c33cfb4af1a89,proc_release_3ba1227216af6e679d6e,proc_dc49c87097a3e3a4,World Bank,http://www.worldbank.org/html/opr/consult/contents.html,2026-09-13T16:17:14+00:00,,0,,FETCH_FAILED,0,
proc_doc_evidence_a6bdf756f84bbe9403ad,proc_process_ef28e1f3356e5ca78936,proc_release_cce205fc747471c037ad,proc_92a1c417a73c545b,World Bank,http://www.worldbank.org/html/opr/consult/contents.html,2026-09-13T11:51:31+00:00,,0,,FETCH_FAILED,0,
proc_doc_evidence_4f6e84f2c233b7e11449,proc_process_ef995d9d0316a08e7922,proc_release_2f8f544fd9443dc2f8db,proc_a189c363ffdbbfee,World Bank,http://www.worldbank.org/html/opr/procure/guidelin.html,2026-09-13T11:51:31+00:00,,0,,FETCH_FAILED,0,
proc_doc_evidence_310f2a616b9e3a851c28,proc_process_f0009db7c4efd50ebe11,proc_release_3175f372e3ee0a39610c,proc_a02a7363d309fb17,World Bank,http://www.worldbank.org/html/opr/consult/contents.html,2026-09-13T11:51:31+00:00,,0,,FETCH_FAILED,0,
proc_doc_evidence_6d88a0ec57bb0a3c50d6,proc_process_f043737d96894024c7a1,proc_release_87442a11f8cf5e8a6622,proc_4ee77f2286dda7d4,World Bank,http://www.worldbank.org/html/opr/consult/contents.html,2026-09-13T11:51:31+00:00,,0,,FETCH_FAILED,0,
proc_doc_evidence_8c16a8ecce24a598c412,proc_process_f09b74dafdff8b36e9d0,proc_release_f2386991bc29c74b3bef,proc_4a7fa248f3093ac2,World Bank,http://eeas.europa.eu/cfsp/sanctions/docs/measures_en.pdf,2026-09-13T11:51:31+00:00,application/pdf,894030,829a4b436820079972d2bed3c489601bba8eb9d3ee6adc19cab018ecb2a83a44,EXTRACTED,50000,"EUROPEAN COMMISSION Service for Foreign Policy Instruments This list is subject to the legal notice at http://ec.europa.eu/geninfo/legal_notices_en.htm EU restrictive measures in force (updated 7.7.2016) 1/114 European Union Restrictive measures (sanctions) in force (Regulations based on Article 215 TFEU and Decisions adopted in the framework of the Common Foreign and Security Policy) This list has been updated on 7.7.2016 (previous update: 20.4.2016) Related links: Sanctions Overview Financial sanctions: Electronic consolidated list EUROPEAN COMMISSION Service for Foreign Policy Instruments This list is subject to the legal notice at http://ec.europa.eu/geninfo/legal_notices_en.htm EU restrictive measures in force (updated 7.7.2016) 2/114 Introduction Article 215 of the Treaty on the Functioning of the European Union (TFEU) provides a legal basis for the interruption or reduction, in part or completely, of the Union’s economic and financ ial relations with one or more third countries, where such restrictive measures are necessary to achieve the objectives of the Common Foreign and Security Policy (CFSP). This list presents the European Union's restrictive measures in force on the date mentioned on the cover page. It comprises:  the legislative measures based on Article 215 TFEU and those based on the relevant provisions of the Treaty establishing the European Community (in the years prior to 1 December 2009: Articles 60 and 301) and  the relevant CFSP Decisions and (prior to 1 December 2009 ) Common Positions, including those which merely provide for measures for which no specific Regulation was made, such as restrictions on admission. In Union law Regulations are directly applicable in a ll EU Member States. They have general application and are binding in their entirety. EU Regulations take precedence over conflicting measures of a Member State. With a few exceptions, this list does not include:  measures decided in the framework of European Political Cooperation (prior to November 1993),  restrictions not enacted by a CFSP Decision, a CFSP Common Position or a n EU Regulation based on the Articles of the Treaties referred to above,  EU decisions on suspension or termination of bilateral agreements concluded by the EU and  EU decisions on suspension or termination of cooperation between the EU and a third country. This list does not include the legislative or other measures that an EU Member State might take in response to CFSP Decisions and UN Security Council Resolutions. The CFSP Decisions and EU Regulations in this list are presented in English. They are publish ed in the Official Journal of the EU in all official languages of the EU except Irish and all published versions are authentic. For CFSP Decisions and EU Regulations published after the date mentioned on the cover page, please consult the Official Journal of the EU. Links to the Official Journal of the EU: http://eur-lex.europa.eu/oj/direct-access.html http://eur-lex.europa.eu/homepage.html (search form) EUROPEAN COMMISSION Service for Foreign Policy Instruments This list is subject to the legal notice at http://ec.europa.eu/geninfo/legal_notices_en.htm EU restrictive measures in force (updated 7.7.2016) 3/114 EU restrictive measures in force Table of contents AFGHANISTAN AL QAEDA and ISIL (DA'ESH) BELARUS BOSNIA AND HERZEGOVINA BURMA BURUNDI CENTRAL AFRICAN REPUBLIC CHINA DEMOCRACTIC REPUBLIC OF CONGO COTE D’IVOIRE EGYPT ERITREA REPUBLIC OF GUINEA (CONAKRY) GUINEA-BISSAU HAITI IRAN IRAQ IVORY COAST DEMOCRATIC PEOPLE’S REPUBLIC OF KOREA LEBANON LIBERIA EUROPEAN COMMISSION Service for Foreign Policy Instruments This list is subject to the legal notice at http://ec.europa.eu/geninfo/legal_notices_en.htm EU restrictive measures in force (updated 7.7.2016) 4/114 LIBYA MOLDOVA MYANMAR NORTH KOREA RUSSIAN FEDERATION SERBIA AND MONTENEGRO SOMALIA SOUTH SUDAN SUDAN SYRIA TERRORIST GROUPS (FOREIGN TERRORIST ORGANISATIONS) TUNISIA UKRAINE USA (UNITED STATES OF AMERICA) YEMEN YUGOSLAVIA (SERBIA AND MONTENEGRO) ZIMBABWE ___________ If you have a comment on this list of restrictive measures in force or a question about it , please contact the European Commission by sending an e-mail entitled 'restrictive measures in force' to the following address: relex-sanctions@ec.europa.eu EUROPEAN COMMISSION Service for Foreign Policy Instruments This list is subject to the legal notice at http://ec.europa.eu/geninfo/legal_notices_en.htm EU restrictive measures in force (updated 7.7.2016) 5/114 EU restrictive measures in force Afghanistan Council Decision 2011/486/CFSP (OJ L 199, 2.8.2011, p. 57) Notice to listed natural persons (OJ C 227, 2.8.2011, p. 1) measures against the Taliban: - embargo on arms and related materiel - ban on provision of certain services - freezing of funds and economic resources - restrictions on admission implemented by: Council Implementing Decision 2012/167/CFSP (OJ L 87, 24.3.2012, p. 60) Notice to listed natural persons (OJ C 88, 24.3.2012, p. 7) - list of persons, entities and groups Council Implementing Decision 2012/334/CFSP (OJ L 165, 26.6.2012, p. 75) Corrigendum (OJ L 296, 7.11.2013, p. 56) Notice to listed natural persons (OJ C 186, 26.6.2012, p. 3) - amendment of the list of persons, entities and groups Council Implementing Decision 2012/393/CFSP (OJ L 187, 17.7.2012, p. 52) Notice to listed natural and legal persons, entities or bodies (OJ C 210, 17.7.2012, p. 7) - amendment of the list of persons, entities and groups Council Implementing Decision 2012/454/CFSP (OJ L 206, 2.8.2012, p. 11) - amendment of the list of persons, entities and groups Council Implementing Decision 2012/745/CFSP (OJ L 332, 4.12.2012, p. 22) Notice to listed persons, entities and groups (OJ C 374, 4.12.2012, p. 9) - amendment of the list of persons, entities and groups Council Implementing Decision 2012/809/CFSP (OJ L 352, 21.12.2012, p. 47) - amendment of the list of persons, entities and groups Council Implementing Decision 2013/73/CFSP (OJ L 32, 1.2.2013, p. 21) - amendment of the list of persons, entities and groups Council Implementing Decision 2013/145/CFSP (OJ L 82, 22.3.2013, p. 55) - amendment of the list of persons, entities and groups EUROPEAN COMMISSION Service for Foreign Policy Instruments This list is subject to the legal notice at http://ec.europa.eu/geninfo/legal_notices_en.htm EU restrictive measures in force (updated 7.7.2016) 6/114 Afghanistan - Decision 2011/486/CFSP Council Implementing Decision 2013/219/CFSP (OJ L 133, 17.5.2013, p. 22) Notice to listed persons, entities and groups (OJ C 138, 17.5.2013, p. 16) - amendment of the list of persons, entities and groups Council Implementing Decision 2014/140/CFSP (OJ L 76, 15.3.2014, p. 42) - amendment of the list of persons, entities and groups Council Implementing Decision 2014/142/CFSP (OJ L 76, 15.3.2014, p. 46) - amendment of the list of persons, entities and groups Council Implementing Decision 2014/701/CFSP (OJ L 293, 9.10.2014, p. 37) Notice to listed persons, entities and groups (OJ C 356, 9.10.2014, p. 2) - amendment of the list of persons, entities and groups Council Implementing Decision (CFSP) 2015/1332 (OJ L 206, 1.8.2015, p. 31) Notice to listed persons, entities and groups (OJ C 253, 1.8.2015, p. 1) - amendment of the list of persons, entities and groups Council Implementing Decision (CFSP) 2015/2054 (OJ L 300, 17.11.2015, p. 29) Notice to the listed natural person (OJ C 382, 17.11.2015, p. 2) - amendment of the list of persons, entities and groups Council Regulation (EU) No 753/2011 (OJ L 199, 2.8.2011, p. 1) Notice to listed natural persons (OJ C 227, 2.8.2011, p. 1) - freezing of funds and economic resources of natural or legal persons, entities and groups that are part of or associated with the Taliban - ban on provision of certain services to natural or legal persons, entities and groups that are part of or associated with the Taliban amended or implemented by: Council Implementing Regulation (EU) No 263/2012 (OJ L 87, 24.3.2012, p. 1) Notice to listed natural persons (OJ C 88, 24.3.2012, p. 7) - list of persons, entities and groups EUROPEAN COMMISSION Service for Foreign Policy Instruments This list is subject to the legal notice at http://ec.europa.eu/geninfo/legal_notices_en.htm EU restrictive measures in force (updated 7.7.2016) 7/114 Afghanistan - Regulation (EU) No 753/2011 Council Implementing Regulation (EU) No 543/2012 (OJ L 165, 26.6.2012, p. 15) Corrigendum (OJ L 296, 7.11.2013, p. 56) Notice to listed natural persons (OJ C 186, 26.6.2012, p. 3) - amendment of the list of persons, entities and groups Council Implementing Regulation (EU) No 643/2012 (OJ L 187, 17.7.2012, p. 13) Notice to listed natural and legal persons, entities or bodies (OJ C 210, 17.7.2012, p. 7) - amendment of the list of persons, entities and groups Council Implementing Regulation (EU) No 705/2012 (OJ L 206, 2.8.2012, p. 5) - amendment of the list of persons, entities and groups Council Implementing Regulation (EU) No 1139/2012 (OJ L 332, 4.12.2012, p. 1) Notice to listed persons, entities and groups (OJ C 374, 4.12.2012, p. 9) - amendment of the list of persons, entities and groups Council Implementing Regulation (EU) No 1244/2012 (OJ L 352, 21.12.2012, p. 13) - amendment of the list of persons, entities and groups Council Implementing Regulation (EU) No 86/2013 (OJ L 32, 1.2.2013, p. 5) - amendment of the list of persons, entities and groups Council Implementing Regulation (EU) No 261/2013 (OJ L 82, 22.3.2012, p. 18) - amendment of the list of persons, entities and groups Council Implementing Regulation (EU) No 451/2013 (OJ L 133, 17.5.2013, p. 1) Notice to listed persons, entities and groups (OJ C 138, 17.5.2013, p. 16) - amendment of the list of persons, entities and groups Council Regulation (EU) No 517/2013 (OJ L 158, 10.6.2013, p. 1) - amendment of the information on competent authorities (enlargement) Council Implementing Regulation (EU) No 261/2014 (OJ L 76, 15.3.2014, p. 6) - amendment of the list of persons, entities and groups EUROPEAN COMMISSION Service for Foreign Policy Instruments This list is subject to the legal notice at http://ec.europa.eu/geninfo/legal_notices_en.htm EU restrictive measures in force (updated 7.7.2016) 8/114 Afghanistan - Regulation (EU) No 753/2011 Council Implementing Regulation (EU) No 263/2014 (OJ L 76, 15.3.2014, p. 11) - amendment of the list of persons, entities and groups Council Implementing Regulation (EU) No 1057/2014 (OJ L 293, 9.10.2014, p. 1) Notice to listed persons, entities and groups (OJ C 356, 9.10.2014, p. 2) - amendment of the list of persons, entities and groups Council Implementing Regulation (EU) 2015/1322 (OJ L 206, 1.8.2015, p. 1) Notice to listed persons, entities and groups (OJ C 253, 1.8.2015, p. 1) Notice to data subjects (OJ C 253, 1.8.2015, p. 3) - amendment of the list of persons, entities and groups Council Implementing Regulation (EU) 2015/2043 (OJ L 300, 17.11.2015, p. 1) Notice to the listed natural person (OJ C 382, 17.11.2015, p. 2) Notice to the data subject (OJ C 382, 17.11.2015, p. 4) - amendment of the list of persons, entities and groups Al Qaeda and ISIL (Da'esh) See under ‘Terrorist groups (Foreign terrorist organisations)’ Belarus Council Decision 2012/642/CFSP (OJ L 285, 17.10.2012, p. 1) Notice to listed persons, entities and bodies (OJ C 339, 7.11.2012, p. 9) Notice to listed persons, entities and bodies (OJ C 316, 30.10.2013, p. 9) Notice to listed persons, entities and bodies (OJ C 252, 2.8.2014, p. 1) Notice to listed persons, entities and bodies (OJ C 385, 31.10.2014, p. 12) Notice to one of the listed persons, entities and bodies (OJ C 90, 17.3.2015, p. 1) Notice to certain listed natural persons (OJ C 238, 21.7.2015, p. 3) Notice to listed persons, entities and bodies (OJ C 358, 30.10.2015, p. 2) Notice to listed natural persons (OJ C 77, 27.2.2016, p. 2) - embargo on arms and related matériel - ban on exports of equipment for internal repression - ban on provision of certain services EUROPEAN COMMISSION Service for Foreign Policy Instruments This list is subject to the legal notice at http://ec.europa.eu/geninfo/legal_notices_en.htm EU restrictive measures in force (updated 7.7.2016) 9/114 Belarus - Decision 2012/642/CFSP - restrictions on admission of listed natural persons - freezing of funds and economic resources of listed persons, entities and bodies - valid until 28.2.2017 - repeal of Council Decision 2010/639/CFSP implemented by: Council Decision (CFSP) 2016/280 (OJ L 52, 27.2.2016, p. 30) Notice to listed natural persons (OJ C 77, 27.2.2016, p. 2) - amendment of the date of expiration - list of persons, entities and bodies (freezing of funds and economic resources and, as regards natural persons, restrictions on admission) Council Regulation (EC) No 765/2006 (OJ L 134, 20.5.2006, p. 1) Notice to listed persons (OJ C 289, 26.10.2010, p. 7) Notice to listed persons, and entities and bodies (OJ C 316, 30.10.2013, p. 9) Notice to listed persons and entities (OJ C 252, 2.8.2014, p. 1) Notice to listed persons, entities and bodies (OJ C 385, 31.10.2014, p. 12) Notice to one of the listed persons, entities and bodies (OJ C 90, 17.3.2015, p. 1) Notice to certain listed natural persons (OJ C 238, 21.7.2015, p. 3) Notice to listed persons, entities and bodies (OJ C 358, 30.10.2015, p. 2) Notice to listed natural persons (OJ C 77, 27.2.2016, p. 2) Notice to data subjects (OJ C 77, 27.2.2016, p. 3) - freezing of funds and economic resources of listed persons, entities and bodies amended or implemented by: Council Regulation (EC) No 646/2008 (OJ L 180, 9.7.2008, p. 5) - additional clause on liability Council Regulation (EU) No 84/2011 (OJ L 28, 2.2.2011, p. 17) Corrigendum (OJ L 102, 16.4.2011, p. 44) - information on competent authorities Council Regulation (EU) No 588/2011 (OJ L 161, 21.6.2011, p. 1) Notice to listed persons, entities and bodies (OJ C 180, 21.6.2011, p. 9) - ban on exports of equipment for internal repression - ban on provision of certain services Council Regulation (EU) No 999/2011 (OJ L 265, 11.10.2011, p. 6) - additional exception to freezing of funds and economic resources EUROPEAN COMMISSION Service for Foreign Policy Instruments This list is subject to the legal notice at http://ec.europa.eu/geninfo/legal_notices_en.htm EU restrictive measures in force (updated 7.7.2016) 10/114 Belarus - Regulation (EC) No 765/2006 Council Regulation (EU) No 354/2012 (OJ L 113, 25.4.2012, p. 1) - additional exception to freezing of funds and economic resources Council Regulation (EU) No 1014/2012 (OJ L 307, 7.11.2012, p. 1) - amendment of the scope of the freezing of funds and economic resources Council Regulation (EU) No 517/2013 (OJ L 158, 10.6.2013, p. 1) - amendment of the information on competent authorities (enlargement) Council Implementing Regulation (EU) 2016/276 (OJ L 52, 27.2.2016, p. 19) Notice to listed natural persons (OJ C 77, 27.2.2016, p. 2) Notice to data subjects (OJ C 77, 27.2.2016, p. 3) - list of persons, entities and bodies (freezing of funds and economic resources) Council Regulation (EU) 2016/277 (OJ L 52, 27.2.2016, p. 22) - termination of the suspension of freezing of funds and economic resources as regards certain listed persons, entities and bodies1 Bosnia and Herzegovina Council Decision 2011/173/CFSP (OJ L 76, 22.3.2011, p. 68) - restrictions on admission of (i) persons whose activities: (a) undermine the sovereignty, territorial integrity, constitutional order and international personality of Bosnia and Herzegovina; (b) seriously threaten the security situation in Bosnia and Herzegovina; or (c) undermine the Dayton/Paris General Framework Agreement for Peace and the Annexes thereto, including measures established in the implementation of the said Agreement; and (ii) persons associated with them - freezing of funds and economic resources of (i) persons whose activities: (a) undermine the sovereignty, territorial integrity, constitutional order and international personality of Bosnia and Herzegovina; (b) seriously threaten the security situation in Bosnia and Herzegovina; or 1 See Council Regulation (EU) 2015/1948 (OJ L 284, 30.10.2015, p. 62) for the suspension. EUROPEAN COMMISSION Service for Foreign Policy Instruments This list is subject to the legal notice at http://ec.europa.eu/geninfo/legal_notices_en.htm EU restrictive measures in force (updated 7.7.2016) 11/114 Bosnia and Herzegovina – Decision 2011/173/CFSP (c) undermine the Dayton/Paris General Framework Agreement for Peace and the Annexes thereto, including measures established in the implementation of the said Agreement; and (ii) natural or legal persons associated with them - valid until 31.3.2017 amended by: Council Decision (CFSP) 2016/477 (OJ L 85, 1.4.2016, p. 47) - amendment of the date of expiration Common Position 1997/193/CFSP (OJ L 81, 21.3.1997, p. 1) - restrictions on admission of persons who committed certain acts of violence at Mostar Burma See under ‘Myanmar’ Burundi Council Decision (CFSP) 2015/1763 (OJ L 257, 2.10.2015, p. 37) Notice to listed persons, entities and bodies (OJ C 324, 2.10.2015, p. 3) - restrictions on admission of certain natural persons - freezing of funds and economic resources of certain persons, entities and bodies - valid until 3.10.2016 Council Regulation (EU) 2015/1755 (OJ L 257, 2.10.2015, p. 1) Notice to listed persons, entities and bodies (OJ C 324, 2.10.2015, p. 3) Notice to data subjects (OJ C 324, 2.10.2015, p. 4) - freezing of funds and economic resources of certain persons, entities and bodies - prohibition to satisfy certain claims made by certain persons, entities or bodies EUROPEAN COMMISSION Service for Foreign Policy Instruments This list is subject to the legal notice at http://ec.europa.eu/geninfo/legal_notices_en.htm EU restrictive measures in force (updated 7.7.2016) 12/114 Central African Republic Council Decision 2013/798/CFSP (OJ L 352, 24.12.2013, p. 51) - embargo on arms and related materiel - ban on provision of certain services amended by: Council Decision 2014/125/CFSP (OJ L 70, 11.3.2014, p. 22) - amendment of the exceptions to the embargo on arms and related materiel - amendment of the exceptions to the ban on provision of certain services - restrictions on admission of certain natural persons - freezing of funds and economic resources of certain persons, entities and bodies Council Implementing Decision 2014/863/CFSP (OJ L 346, 2.12.2014, p. 52) Notice to the listed natural persons (OJ C 432, 2.12.2014, p. 4) - list of persons, entities and bodies (freezing of funds and economic resources and, as regards natural persons, restrictions on admission) Council Implementing Decision (CFSP) 2015/336 (OJ L 58, 3.3.2015, p. 79) - amendment of the list of persons, entities and bodies (freezing of funds and economic resources and, as regards natural persons, restrictions on admission) Council Decision (CFSP) 2015/739 (OJ L 117, 8.5.2015, p. 49) - amendment of the exceptions to the embargo on arms and related materiel - amendment of the exceptions to the ban on provision of certain services - commitment to dispose of arms and related materiel that are in breach of the embargo - amendment of the criteria for listing (restrictions on admission and freezing of funds and economic resources) Council Implementing Decision (CFSP) 2015/1488 (OJ L 229, 3.9.2015, p. 12) Notice to listed persons, entities and bodies (OJ C 289, 3.9.2015, p. 2) - amendment of the list of persons, entities and bodies (freezing of funds and economic resources and, as regards natural persons, restrictions on admission) Council Implementing Decision (CFSP) 2015/2459 (OJ L 339, 24.12.2015, p. 48) Notice to listed persons, entities and bodies (OJ C 435, 24.12.2015, p. 7) - amendment of the list of persons, entities and bodies (freezing of funds and economic resources and, as regards natural persons, restrictions on admission) EUROPEAN COMMISSION Service for Foreign Policy Instruments This list is subject to the legal notice at http://ec.europa.eu/geninfo/legal_notices_en.htm EU restrictive measures in force (updated 7.7.2016) 13/114 Central African Republic – Decision 2013/798/CFSP Council Implementing Decision (CFSP) 2016/360 (OJ L 67, 12.3.2016, p. 53) Notice to the listed natural person and legal person, entity or body (OJ C 97, 12.3.2016, p. 17) - amendment of the list of persons, entities and bodies (freezing of funds and economic resources and, as regards natural persons, restrictions on admission) Council Decision (CFSP) 2016/564 (OJ L 96, 12.4.2016, p. 38) - amendment of the exceptions to the embargo on arms and related materiel - amendment of the criteria for listing (restrictions on admission and freezing of funds and economic resources) Council Regulation (EU) No 224/2014 (OJ L 70, 11.3.2014, p. 1) Notice to the listed natural person and legal person, entity or body (OJ C 97, 12.3.2016, p. 17) Notice to data subjects (OJ C 97, 12.3.2016, p. 18) - ban on provision of certain services - freezing of funds and economic resources of certain persons, entities and bodies - prohibition to satisfy claims made by certain persons, entities or bodies amended by: Council Implementing Regulation (EU) No 1276/2014 (OJ L 346, 2.12.2014, p. 19) Notice to the listed natural persons (OJ C 432, 2.12.2014, p. 4) Notice to data subjects (OJ C 432, 2.12.2014, p. 5) - list of persons, entities and bodies (freezing of funds and economic resources) Council Implementing Regulation (EU) 2015/324 (OJ L 58, 3.3.2015, p. 39) - amendment of the list of persons, entities and bodies (freezing of funds and economic resources) Council Regulation (EU) 2015/734 (OJ L 117, 8.5.2015, p. 11) - amendment of the exceptions to the ban on provision of certain services - amendment of the criteria for listing (freezing of funds and economic resources) EUROPEAN COMMISSION Service for Foreign Policy Instruments This list is subject to the legal notice at http://ec.europa.eu/geninfo/legal_notices_en.htm EU restrictive measures in force (updated 7.7.2016) 14/114 Central African Republic – Regulation (EU) No 224/2014 Council Implementing Regulation (EU) 2015/1485 (OJ L 229, 3.9.2015, p. 1) Notice to listed persons, entities and bodies (OJ C 289, 3.9.2015, p. 2) Notice to data subjects (OJ C 289, 3.9.2015, p. 4) - amendment of the list of persons, entities and bodies (freezing of funds and economic resources) Council Implementing Regulation (EU) 2015/2454 (OJ L 339, 24.12.2015, p. 36) Notice to listed persons, entities and bodies (OJ C 435, 24.12.2015, p. 7) Notice to data subjects (OJ C 435, 24.12.2015, p. 9) - amendment of the list of persons, entities and bodies (freezing of funds and economic resources) Council Implementing Regulation (EU) 2016/354 (OJ L 67, 12.3.2016, p. 18) Notice to listed natural person and legal person, entity or body (OJ C 97, 12.3.2016, p. 17) Notice to data subjects (OJ C 97, 12.3.2016, p. 18) - amendment of the list of persons, entities and bodies (freezing of funds and economic resources) Council Regulation (EU) 2016/555 (OJ L 96, 12.4.2016, p. 1) - amendment of the exceptions to the ban on provision of certain services - amendment of the criteria for listing (freezing of funds and economic resources) EUROPEAN COMMISSION Service for Foreign Policy Instruments This list is subject to the legal notice at http://ec.europa.eu/geninfo/legal_notices_en.htm EU restrictive measures in force (updated 7.7.2016) 15/114 China Declaration of European Council, Madrid, 27.6.1989 See below2 - embargo on arms Democratic Republic of Congo Council Decision 2010/788/CFSP (OJ L 336, 21.12.2010, p. 30) Notice to listed persons, entities and bodies (OJ C 128, 21.4.2015, p. 3) - embargo on arms and related matériel against non-governmental entities and individuals operating in DR Congo - ban on provision of certain services - freezing of funds and economic resources - restrictions on admission - repeal of Common Position 2008/369/CFSP 2 “The European Council, recalling the declaration of the Twelve of 6 June, strongly condemns the brutal repression taking place in China. It expresses its dismay at the pursuit of executions in spite of all the appeals of the international community. It sol emnly requests the Chinese authorities to stop the executions and to put an end to the repressive actions against those who legitimately claim their democratic rights. The European Council requests the Chinese authorities to respect human rights and to ta ke into account the hopes for freedom and democracy deeply felt by the population. It underlines that this is an essential element for the pursuit of the policy of reforms and openness that has been supported by the European Community and its Member States. (…) In the present circumstances, the European Council thinks it necessary to adopt the following measures: - raising the issue of human rights in China in the appropriate international fora; asking for the admittance of independent observers to attend the trials and to visit the prisons; - interruption by the Member States of the Community of military cooperation and an embargo on trade in arms with China; - suspension of bilateral ministerial and high-level contacts; - postponement by the Community and its Member States of new cooperation projects; - reduction of programmes of cultural, scientific and technical cooperation to only those activities that might maintain a meaning in the present circumstances; - prolongation by the Member States of visas to the Chinese students who wish it. Taking into account the climate of uncertainty created in the economic field by the present policy of the Chinese authorities, the European Council advocates the postponement of the examination of new requests for c redit insurance and the postponement of the examination of new credits of the World Bank.” EUROPEAN COMMISSION Service for Foreign Policy Instruments This list is subject to the legal notice at http://ec.europa.eu/geninfo/legal_notices_en.htm EU restrictive measures in force (updated 7.7.2016) 16/114 Democratic Republic of Congo - Decision 2010/788/CFSP amended or implemented by: Council Decision 2012/811/CFSP (OJ L 352, 21.12.2012, p. 50) Notice to listed persons and entities (OJ C 396, 21.12.2012, p. 15) - amendment of the listing criteria for the restrictions on admission and the freezing of funds and economic resources - amendment of the exceptions to the restrictions on admission Council Decision 2014/147/CFSP (OJ L 79, 18.3.2014, p. 42) - additional exception to the embargo on arms and related matériel - amendment of the listing criteria for the restrictions on admission and for the freezing of funds and economic resources Council Decision (CFSP) 2015/620 (OJ L 102, 21.4.2015, p. 43) Notice to listed persons, entities and bodies (OJ C 128, 21.4.2015, p. 3) - amendment of the listing criteria for the restrictions on admission and for the freezing of funds and economic resources - list of persons, entities and bodies subject to restrictions Council Regulation (EC) No 1183/2005 (OJ L 193, 23.7.2005, p. 1) Notice to listed persons, entities and bodies (OJ C 128, 21.4.2015, p. 3) Notice to data subjects (OJ C 128, 21.4.2015, p. 5) - freezing of funds and economic resources amended by: Council Regulation (EU) No 521/2013 (OJ L 156, 8.6.2013, p. 1) - revised listing procedures Council Regulation (EU) No 271/2014 (OJ L 79, 18.3.2014, p. 35) - amendment of the listing criteria for the freezing of funds and economic resources Council Regulation (EU) 2015/613 (OJ L 102, 21.4.2015, p. 3) - definitions - ban on provision of certain services - amendment of the listing criteria for the freezing of funds and economic resources - prohibition to satisfy certain claims made by certain persons, entities or bodies - information on competent authorities - repeal of Council Regulation (EC) No 889/2005 EUROPEAN COMMISSION Service for Foreign Policy Instruments This list is subject to the legal notice at http://ec.europa.eu/geninfo/legal_notices_en.htm EU restrictive measures in force (updated 7.7.2016) 17/114 Democratic Republic of Congo - Regulation (EC) No 1183/2005 Council Implementing Regulation (EU) 2015/614 (OJ L 102, 21.4.2015, p. 10) Notice to listed persons, entities and bodies (OJ C 128, 21.4.2015, p. 3) Notice to data subjects (OJ C 128, 21.4.2015, p. 5) - list of natural and legal persons, entities and bodies (freezing of funds and economic resources) Côte d’Ivoire Council Decision (CFSP) 2016/917 (OJ L 153, 10.6.2016, p. 38) - repeal of Council Decision 2010/656/CFSP Council Regulation (EU) 2016/907 (OJ L 153, 10.6.2016, p. 1) - repeal of Council Regulations (EC) No 174/2005 and (EC) No 560/2005 Egypt Council Decision 2011/172/CFSP (OJ L 76, 22.3.2011, p. 63) Notice to listed natural persons (OJ C 90, 22.3.2011, p. 3) Notice to listed natural persons (OJ C 83, 22.3.2013, p. 6) Notice to listed natural persons (OJ C 46, 18.2.2014, p. 5) Notice to listed natural persons (OJ C 82, 21.3.2014, p. 3) Notice to listed natural persons (OJ C 95, 21.3.2015, p. 17) Notice to listed natural persons (OJ C 58, 13.2.2016, p. 3) Notice to listed natural persons (OJ C 105, 19.3.2016, p. 7) - freezing of funds and economic resources of persons identified as being responsible for the misappropriation of Egyptian State funds, and natural or legal persons, entities and bodies associated with them - valid until 22.3.2017 amended by: Council Decision 2012/723/CFSP (OJ L 327, 27.11.2012, p. 44) - amendment of the exceptions Council Decision (CFSP) 2016/411 (OJ L 74, 19.3.2016, p. 40) - amendment of the date of expiration EUROPEAN COMMISSION Service for Foreign Policy Instruments This list is subject to the legal notice at http://ec.europa.eu/geninfo/legal_notices_en.htm EU restrictive measures in force (updated 7.7.2016) 18/114 Egypt Council Regulation (EU) No 270/2011 (OJ L 76, 22.3.2011, p. 4) Notice to listed natural persons (OJ C 90, 22.3.2011, p. 3) Notice to listed natural persons (OJ C 83, 22.3.2013, p. 6) Notice to listed natural persons (OJ C 46, 18.2.2014, p. 5) Notice to listed natural persons (OJ C 82, 21.3.2014, p. 3) Notice to listed natural persons (OJ C 95, 21.3.2015, p. 17) Notice to data subjects (OJ C 95, 21.3.2015, p. 18) Notice to listed natural persons (OJ C 58, 13.2.2016, p. 3) Notice to listed natural persons (OJ C 105, 19.3.2016, p. 7) - freezing of funds and economic resources of persons identified as being responsible for the misappropriation of Egyptian State funds, and natural or legal persons, entities and bodies associated with them amended by: Council Regulation (EU) No 1099/2012 (OJ L 327, 27.11.2012, p. 14) -amendment of the exceptions Council Regulation (EU) No 517/2013 (OJ L 158, 10.6.2013, p. 1) - amendment of the information on competent authorities (enlargement) Eritrea Council Decision 2010/127/CFSP (OJ L 51, 2.3.2010, p. 19) - embargo on arms and related materiel - ban on provision of certain services - inspection of and prior information requirement on certain cargoes to and from Eritrea - embargo on supplying arms and related matériel to persons and entities (a) having acted in violation of the arms embargo against Eritrea, (b) providing support from Eritrea to armed opposition groups which aim to destabilise the region, (c) obstructing implementation of UN Security Council Resolution 1862 (2009) concerning Djibouti, (d) harbouring, financing, facilitating, supporting, organising, training or inciting individuals or groups to perpetrate acts of violence or terrorist acts against other States or their citizens in the region, (e) obstructing the investigations or work of the Monitoring Group re- established by UN Security Council Resolution 1853 (2008) - ban on provision of certain services to these persons and entities EUROPEAN COMMISSION Service for Foreign Policy Instruments This list is subject to the legal notice at http://ec.europa.eu/geninfo/legal_notices_en.htm EU restrictive measures in force (updated 7.7.2016) 19/114 Eritrea - Decision 2010/127/CFSP - freezing of funds and economic resources of persons and entities (a) having acted in violation of the arms embargo against Eritrea, (b) providing support from Eritrea to armed opposition groups which aim to destabilise the region, (c) obstructing implementation of UN Security Council Resolution 1862 (2009) concerning Djibouti, (d) harbouring, financing, facilitating, supporting, organising, training or inciting individuals or groups to perpetrate acts of violence or terrorist acts against other States or their citizens in the region, (e) obstructing the investigations or work of the Monitoring Group re- established by UN Security Council Resolution 1853 (2008) - restrictions on admission of natural persons (a) having acted in violation of the arms embargo against Eritrea, (b) providing support from Eritrea to armed opposition groups which aim to destabilise the region, (c) obstructing implementation of UN Security Council Resolution 1862 (2009) concerning Djibouti, (d) harbouring, financing, facilitating, supporting, organising, training or inciting individuals or groups to perpetrate acts of violence or terrorist acts against other States or their citizens in the region, (e) obstructing the investigations or work of the Monitoring Group re- established by UN Security Council Resolution 1853 (2008) amended by: Council Decision 2010/414/CFSP (OJ L 195, 27.7.2010, p. 74) - amendment of the provisions on the listing procedures Council Decision 2012/632/CFSP (OJ L 282, 16.10.2012, p. 46) - exceptions to the embargo on arms and the ban on related services Council Regulation (EU) No 667/2010 (OJ L 195, 27.7.2010, p. 16) - (arms embargo related) ban on provision of certain services - prior information requirement on certain cargoes to and from Eritrea - (arms embargo related) ban on provision of certain services to listed persons, entities and bodies - freezing of funds and economic resources of listed persons, entities and bodies (N.B. list of persons, entities and bodies not yet available) EUROPEAN COMMISSION Service for Foreign Policy Instruments This list is subject to the legal notice at http://ec.europa.eu/geninfo/legal_notices_en.htm EU restrictive measures in force (updated 7.7.2016) 20/114 Eritrea – Regulation (EU) No 667/2010 amended by Council Regulation (EU) No 942/2012 (OJ L 282, 16.10.2012, p. 3) - exceptions to the ban on provision of certain services Council Regulation (EU) No 517/2013 (OJ L 158, 10.6.2013, p. 1) - amendment of the information on competent authorities (enlargement) Republic of Guinea (Conakry) Council Decision 2010/638/CFSP (OJ L 280, 26.10.2010, p. 10) Notice to listed natural persons (OJ C 290, 27.10.2010, p. 19) Notice to listed natural persons (OJ C 330, 27.10.2012, p. 2) Notice to listed natural persons (OJ C 308, 23.10.2013, p. 2) Notice to listed natural persons (OJ C 373, 21.10.2014, p. 4) Notice to listed natural persons (OJ C 355, 27.10.2015, p. 2) - ban on provision of certain services - restrictions on admission - freezing of funds and economic resources - valid until 27.10.2016 amended by: Council Decision 2011/169/CFSP (OJ L 76, 22.3.2011, p. 59) Notice to listed natural persons (OJ C 90, 22.3.2011, p. 2) Notice to listed natural persons (OJ C 308, 23.10.2013, p. 2) Notice to listed natural persons (OJ C 373, 21.10.2014, p. 4) Notice to listed natural persons (OJ C 355, 27.10.2015, p. 2) - amendment of scope of restrictions on admission and freezing of funds and economic resources - list of targeted natural persons (restrictions on admission and freezing of funds and economic resources) Council Decision 2014/213/CFSP (OJ L 111, 15.4.2014, p. 83) - repeal of the arms embargo and the embargo on the equipment which could be used for internal repression Council Decision (CFSP) 2015/1923 (OJ L 281, 27.10.2015, p. 9) - amendment of the date of expiration EUROPEAN COMMISSION Service for Foreign Policy Instruments This list is subject to the legal notice at http://ec.europa.eu/geninfo/legal_notices_en.htm EU restrictive measures in force (updated 7.7.2016) 21/114 Republic of Guinea (Conakry) Council Regulation (EU) No 1284/2009 (OJ L 346, 23.12.2009, p. 26) Notice to listed natural persons (OJ C 330, 27.10.2012, p. 2) Notice to listed natural persons (OJ C 308, 23.10.2013, p. 2) Notice to listed natural persons (OJ C 373, 21.10.2014, p. 4) Notice to listed natural persons (OJ C 355, 27.10.2015, p. 2) - freezing of funds and economic resources amended by: Council Regulation (EU) No 269/2011 (OJ L 76, 22.3.2011, p. 1) Notice to listed natural persons (OJ C 90, 22.3.2011, p. 2) Notice to listed natural persons (OJ C 330, 27.10.2012, p. 2) Notice to listed natural persons (OJ C 308, 23.10.2013, p. 2) Notice to listed natural persons (OJ C 373, 21.10.2014, p. 4) Notice to listed natural persons (OJ C 355, 27.10.2015, p. 2) - amendment of scope of freezing of funds and economic resources - list of targeted natural persons Council Regulation (EU) No 380/2014 (OJ L 111, 15.4.2014, p. 29) - repeal of the ban on exports of equipment for repression and of the ban on provision of certain services - information on competent authorities Guinea-Bissau Council Decision 2012/285/CFSP (OJ L 142, 1.6.2012, p. 36) Notice to listed natural persons (OJ C 155, 1.6.2012, p. 1) Notice to listed natural persons (OJ C 115, 23.4.2013, p. 3) Notice to listed natural persons (OJ C 238, 23.7.2014, p. 3) Notice to listed natural persons (OJ C 194, 12.6.2015, p. 2) Notice to listed natural persons (OJ C 223, 21.6.2016, p. 8) - restrictions on admission - freezing of funds and economic resources - repeal of Council Decision 2012/237/CFSP implemented by: Council Implementing Decision 2012/516/CFSP (OJ L 257, 25.9.2012, p. 20) - amendment of the list of natural persons (restrictions on admission) EUROPEAN COMMISSION Service for Foreign Policy Instruments This list is subject to the legal notice at http://ec.europa.eu/geninfo/legal_notices_en.htm EU restrictive measures in force (updated 7.7.2016) 22/114 Guinea-Bissau - Decision 2012/285/CFSP Council Implementing Decision 2013/293/CFSP (OJ L 167, 19.6.2013, p. 39) Notice to listed natural persons (OJ C 173, 19.6.2013, p. 8) - amendment of the list of natural persons (restrictions on admission and freezing of funds and economic resources) Council Regulation (EU) No 377/2012 (OJ L 119, 4.5.2012, p. 1) Corrigendum (OJ L 168, 28.6.2012, p. 55) Notice to listed natural persons (OJ C 129, 4.5.2012, p. 1) Notice to listed natural persons (OJ C 115, 23.4.2013, p. 3) Notice to listed natural persons (OJ C 238, 23.7.2014, p. 3) Notice to listed natural persons (OJ C 194, 12.6.2015, p. 2) Notice to listed natural persons (OJ C 223, 21.6.2016, p. 8) - freezing of funds and economic resources amended or implemented by: Council Implementing Regulation (EU) No 458/2012 (OJ L 142, 1.6.2012, p. 11) Notice to listed natural persons (OJ C 155, 1.6.2012, p. 1) - list of targeted persons, entities and bodies Council Regulation (EU) No 517/2013 (OJ L 158, 10.6.2013, p. 1) - amendment of the information on competent authorities (enlargement) Council Implementing Regulation (EU) No 559/2013 (OJ L 167, 19.6.2013, p. 1) Notice to listed natural persons (OJ C 173, 19.6.2013, p. 8) - amendment of the list of targeted persons, entities and bodies Haiti Common Position 94/315/CFSP (OJ L 139, 2.6.1994, p. 10) - prohibition to satisfy certain claims in accordance with UN Security Council Resolution No 917(1994) (NB. Common Position 94/681/CFSP has repealed the remainder of the restrictive measures) EUROPEAN COMMISSION Service for Foreign Policy Instruments This list is subject to the legal notice at http://ec.europa.eu/geninfo/legal_notices_en.htm EU restrictive measures in force (updated 7.7.2016) 23/114 Haiti Council Regulation (EC) No 1264/1994 (OJ L 139, 2.6.1994, p. 4) - prohibition to satisfy claims with regard to contracts and transactions whose performance is affected by the measures taken in accordance with UN Security Council Resolutions 917(1994), 841 (1993), 873 (1993) and 875 (1993) Iran Council Decision 2011/235/CFSP (OJ L 100, 14.4.2011, p. 51) Notice to listed persons, entities and bodies (OJ C 116, 14.4.2011, p. 1) Notice to listed persons, entities and bodies (OJ C 77, 15.3.2014, p. 2) Notice to certain listed persons, entities and bodies (OJ C 67, 25.2.2015, p. 2) Notice to listed persons, entities and bodies (OJ C 113, 8.4.2015, p. 2) Notice to certain listed natural persons (OJ C 89, 5.3.2016, p. 3) Notice to listed persons, entities and bodies (OJ C 128, 12.4.2016, p. 22) - restrictions on admission of (i) persons responsible for serious human rights violation in Iran and (ii) persons associated with them - freezing of funds and economic resources of (i) persons responsible for serious human rights violations in Iran and (ii) persons, entities and bodies associated with them - valid until 13.4.2017 amended or implemented by: Council Implementing Decision 2011/670/CFSP (OJ L 267, 12.10.2011, p. 13) Notice to listed persons (OJ C 301, 12.10.2011, p. 3) - amendment of the list of persons, legal persons, entities and bodies (freezing of funds and economic resources and, as regards natural persons, restrictions on admission) Council Decision 2012/168/CFSP (OJ L 87, 24.3.2012, p. 85) Notice to listed persons, entities and bodies (OJ C 88, 24.3.2012, p. 6) - embargo on telecommunications monitoring and interception equipment - embargo on equipment which might be used for internal repression (removed from Council Decision 2010/413/CFSP) - ban on provision of certain services - amendment of the list of persons, legal persons, entities and bodies (freezing of funds and economic resources and, as regards natural persons, restrictions on admission) EUROPEAN COMMISSION Service for Foreign Policy Instruments This list is subject to the legal notice at http://ec.europa.eu/geninfo/legal_notices_en.htm EU restrictive measures in force (updated 7.7.2016) 24/114 Iran - Decision 2011/235/CFSP Council Decision 2012/810/CFSP (OJ L 352, 21.12.12, p. 49) - amendment of the exceptions to the restrictions on equipment which might be used for internal repression and certain services Council Decision 2013/124/CFSP (OJ L 68, 12.3.2013, p.57) Notice to listed persons, entities and bodies (OJ C 72, 12.3.2013, p. 2) - amendment of the list of persons, legal persons, entities and bodies (freezing of funds and economic resources and, as regards natural persons, restrictions on admission) Council Decision 2014/205/CFSP (OJ L 109, 12.4.2014, p. 25) Notice to listed persons, entities and bodies (OJ C 111, 12.4.2014, p. 5) - amendment of the list of persons, legal persons, entities and bodies (freezing of funds and economic resources and, as regards natural persons, restrictions on admission) Council Decision (CFSP) 2015/555 (OJ L 92, 8.4.2015, p. 91) Notice to listed persons, entities and bodies (OJ C 113, 8.4.2015, p. 2) - amendment of the list of persons, legal persons, entities and bodies (freezing of funds and economic resources and, as regards natural persons, restrictions on admission) Council Decision (CFSP) 2016/565 (OJ L 96, 12.4.2016, p. 41) Notice to listed persons, entities and bodies (OJ C 128, 12.4.2016, p. 22) - amendment of the date of expiration - amendment of the list of persons, legal persons, entities and bodies (freezing of funds and economic resources and, as regards natural persons, restrictions on admission) Council Regulation (EU) No 359/2011 (OJ L 100, 14.4.2011, p. 1) Notice to listed persons, entities and bodies (OJ C 116, 14.4.2011, p. 1) Notice to listed persons, entities and bodies (OJ C 77, 15.3.2014, p. 2) Notice to certain listed persons, entities and bodies (OJ C 67, 25.2.2015, p. 2) Notice to listed persons, entities and bodies (OJ C 113, 8.4.2015, p. 2) Notice to data subjects (OJ C 113, 8.4.2015, p. 3) Notice to certain listed natural persons (OJ C 89, 5.3.2016, p. 3) Notice to listed persons, entities and bodies (OJ C 128, 12.4.2016, p. 22) Notice to data subjects (OJ C 130, 13.4.2016, p. 5) - freezing of funds and economic resources of (i) persons responsible for serious human rights violations in Iran and (ii) persons, entities and bodies associated with them EUROPEAN COMMISSION Service for Foreign Policy Instruments This list is subject to the legal notice at http://ec.europa.eu/geninfo/legal_notices_en.htm EU restrictive measures in force (updated 7.7.2016) 25/114 Iran – Regulation (EU) No 359/2011 amended or implemented by: Council Implementing Regulation (EU) No 1002/2011 (OJ L 267, 12.10.2011, p. 1) Notice to listed persons (OJ C 301, 12.10.2011, p. 3) - amendment of the list of persons, entities and bodies Council Regulation (EU) No 264/2012 (OJ L 87, 24.3.2012, p. 26) Notice to listed persons (OJ C 88, 24.3.2012, p. 6) - embargo on telecommunications monitoring and interception equipment - embargo on equipment which might be used for internal repression - ban on provision of certain services - amendment of the list of persons, entities and bodies - information on competent authorities Council Regulation (EU) No 1245/2012 (OJ L 352, 21.12.2012, p. 15) - amendment of the exceptions to the restrictions on equipment which might be used for internal repression and certain services Council Regulation (EU) No 206/2013 (OJ L 68, 12.3.2013, p. 9) Notice to listed persons, entities and bodies (OJ C 72, 12.3.2013, p. 2) - amendment of the list of persons, entities and bodies Council Regulation (EU) No 517/2013 (OJ L 158, 10.6.2013, p. 1) - amendment of the information on competent authorities (enlargement) Council Implementing Regulation (EU) No 371/2014 (OJ L 109, 12.4.2014, p. 9) Notice to listed persons, entities and bodies (OJ C 111, 12.4.2014, p. 5) - amendment of the list of persons, entities and bodies Council Implementing Regulation (EU) 2015/548 (OJ L 92, 8.4.2015, p. 1) Notice to listed persons, entities and bodies (OJ C 113, 8.4.2015, p. 2) Notice to data subjects (OJ C 113, 8.4.2015, p. 3) - amendment of the list of persons, entities and bodies Council Implementing Regulation (EU) 2016/556 (OJ L 96, 12.4.2016, p. 3) Notice to listed persons, entities and bodies (OJ C 128, 12.4.2016, p. 22) Notice to data subjects (OJ C 130, 13.4.2016, p. 5) - amendment of the list of persons, entities and bodies EUROPEAN COMMISSION Service for Foreign Policy Instruments This list is subject to the legal notice at http://ec.europa.eu/geninfo/legal_notices_en.htm EU restrictive measures in force (updated 7.7.2016) 26/114 Iran Council Decision 2010/413/CFSP (OJ L 195, 27.7.2010, p. 39) Corrigendum (OJ L 197, 29.7.2010, p. 19) Notice to listed persons, entities and bodies (OJ C 205, 29.7.2010, p. 5) Notice to listed persons, entities and bodies (OJ C 205, 29.7.2010, p. 7) Corrigenda to notices to listed persons, entities and bodies (OJ C 211, 4.8.2010, p. 14) Notice to listed persons, entities and bodies (OJ C 380, 11.12.2012, p. 7) Notice to listed persons, entities and bodies (OJ C 77, 15.3.2014, p. 1) Notice to listed persons, entities and bodies (OJ C 210, 26.6.2015, p. 3) - embargo on arms and related materiel - ban on provision of certain services - ban on certain investment - prohibition of procurement from Iran of arms and related materiel - embargo on nearly all dual-use goods and technology (*) - embargo on certain goods and technology which could contribute to enrichment- related, reprocessing or heavy water-related activities, to the development of nuclear weapon delivery systems or to the pursuit of activities related to other topics about which the IAEA has expressed concerns (*) - prohibition of procurement from Iran of nearly all dual-use goods and technology and certain other goods and technology (*) - ban on provision of certain services (*) - ban on certain investment (*) - controls on export of certain other sensitive goods and technology (*) - control on provision of certain services (*) - control on certain investment (*) - embargo on key equipment and technology for the oil and natural gas industries (*) - ban on provision of certain services (to the oil and natural gas industries) (*) - ban on certain investment (in the oil and natural gas industries) (*) - ban on certain Iranian investment (nuclear industry) (*) - ban on new commitments for grants, financial assistance and concessional loans to the Government of Iran (*) - restrictions on transfers of funds to and from Iran (*) - restrictions on establishment of branches and subsidiaries of and cooperation with Iranian banks (*) - restrictions on provision of insurance and re-insurance (*) - restrictions on issuance of and trade in certain bonds (*) - vigilance over business with Iran (*) - inspection of and prior information requirement on cargoes to and from Iran - restrictions on access to EU airports for certain cargo flights (*) - ban on provision of certain services to certain vessels and aircraft EUROPEAN COMMISSION Service for Foreign Policy Instruments This list is subject to the legal notice at http://ec.europa.eu/geninfo/legal_notices_en.htm EU restrictive measures in force (updated 7.7.2016) 27/114 Iran - Decision 2010/413/CFSP - restrictions on admission of listed natural persons - freezing of funds and economic resources of listed persons, entities and bodies - measures to prevent certain specialised teaching or training (*) - prohibition to satisfy claims made by certain persons, entities or bodies - one of two lists of targeted persons and entities (restrictions on admission (as regards natural persons) and freezing of funds and economic resources, Annex I) (*) suspended by Council Decision (CFSP) 2015/1863 (below) amended or implemented by: Council Decision 2010/644/CFSP (OJ L 281, 27.10.2010, p. 81) Notice to listed persons and entities (OJ C 292, 28.10.2010, p. 29) - one of two lists of targeted persons and entities (restrictions on admission (as rega"
proc_doc_evidence_7f010121a234dc5223c5,proc_process_f09b74dafdff8b36e9d0,proc_release_f2386991bc29c74b3bef,proc_4a7fa248f3093ac2,World Bank,http://eeas.europa.eu/cfsp/santions/consol-list_en.htm,2026-09-13T11:51:31+00:00,,0,,FETCH_FAILED,0,
proc_doc_evidence_590f18edb09d47a475b9,proc_process_f09b74dafdff8b36e9d0,proc_release_f2386991bc29c74b3bef,proc_4a7fa248f3093ac2,World Bank,http://www.worldbank.org/html/opr/procure/guidelin.html,2026-09-13T11:51:31+00:00,,0,,FETCH_FAILED,0,
proc_doc_evidence_8a10e6d175743da3a7d1,proc_process_f1a8d375c937dc19b417,proc_release_90da3425f378075a3a0a,proc_c5430c819a5d4298,World Bank,http://www.worldbank.org/html/opr/consult/contents.html,2026-09-13T16:17:14+00:00,,0,,FETCH_FAILED,0,
proc_doc_evidence_531aaa68b897ba367a95,proc_process_f6ab7d17026e9d5f15a3,proc_release_58557d9607e1d7e87fa1,proc_fec25015e10f6a38,World Bank,http://www.worldbank.org/html/opr/consult/contents.html,2026-09-13T11:51:31+00:00,,0,,FETCH_FAILED,0,
proc_doc_evidence_c96153e5b3b5678b3123,proc_process_f77e42226938dd901821,proc_release_5e1175eb857e64ede175,proc_8ee07c32f02b5c05,World Bank,http://www.worldbank.org/html/opr/consult/contents.html,2026-09-13T16:17:14+00:00,,0,,FETCH_FAILED,0,
proc_doc_evidence_9acc5a33874d7f850468,proc_process_f927fc00c393250c8e7f,proc_release_b811392ed2c72ed03464,proc_5df9553e6e92b6ce,World Bank,http://www.worldbank.org/html/opr/consult/contents.html,2026-09-13T16:17:14+00:00,,0,,FETCH_FAILED,0,
proc_doc_evidence_29ee27b13eb5a8712d4b,proc_process_f929b94553d0005904b4,proc_release_f161593229ae25ff660a,proc_0c9b73e7bedbebb6,World Bank,http://siteresources.worldbank.org/INTPROCUREMENT/Resources/278019-1308067833011/Consultant_GLs_English_Final_Jan2011.pdf,2026-09-13T11:51:31+00:00,,0,,FETCH_FAILED,0,
proc_doc_evidence_8b9939d9aa454ca1d1ea,proc_process_fbc170e337c7db86e5aa,proc_release_807a1d9c0bf1ce752296,proc_cf5b293824ff31c1,World Bank,http://www.worldbank.org/html/opr/consult/contents.html,2026-09-13T11:51:31+00:00,,0,,FETCH_FAILED,0,
proc_doc_evidence_e06d4354eb0b63a0d9b7,proc_process_fbc170e337c7db86e5aa,proc_release_807a1d9c0bf1ce752296,proc_cf5b293824ff31c1,World Bank,http://www.worldbank.org/html/opr/procure/guidelin.html,2026-09-13T11:51:31+00:00,,0,,FETCH_FAILED,0,
proc_doc_evidence_c86902190b3273b04bec,proc_process_ff40f6b604c9b77cd342,proc_release_dd72929530b8f2749722,proc_0bc471e53a6f8fc1,World Bank,http://www.worldbank.org/html/opr/procure/guidelin.html,2026-09-13T16:17:14+00:00,,0,,FETCH_FAILED,0,
